{"cameraMode":{"drawMode":0,"name":"Shaded","section":"Shading Mode"},"sceneLighting":false,"audioPlay":false,"sceneViewState":{"m_AlwaysRefresh":false,"showFog":true,"showSkybox":false,"showFlares":true,"showImageEffects":true,"showParticleSystems":true,"showVisualEffectGraphs":true,"m_FxEnabled":true},"in2DMode":false,"pivot":{"x":1.9826343059539796,"y":-22.69489288330078,"z":19.64527130126953},"rotation":{"x":0.4744666814804077,"y":0.010562548413872719,"z":-0.005694062914699316,"w":0.8801879286766052},"size":24.915443420410158,"orthographic":false}