{"cameraMode":{"drawMode":0,"name":"Shaded","section":"Shading Mode"},"sceneLighting":true,"audioPlay":false,"sceneViewState":{"m_AlwaysRefresh":false,"showFog":true,"showSkybox":true,"showFlares":true,"showImageEffects":true,"showParticleSystems":true,"showVisualEffectGraphs":true,"m_FxEnabled":true},"in2DMode":false,"pivot":{"x":45.89972686767578,"y":-42.70025634765625,"z":34.089839935302737},"rotation":{"x":0.5825703740119934,"y":0.0024376865476369859,"z":-0.0017483774572610856,"w":0.8127615451812744},"size":63.02275848388672,"orthographic":false}