{"cameraMode":{"drawMode":0,"name":"Shaded","section":"Shading Mode"},"sceneLighting":false,"audioPlay":false,"sceneViewState":{"m_AlwaysRefresh":false,"showFog":true,"showSkybox":false,"showFlares":true,"showImageEffects":true,"showParticleSystems":true,"showVisualEffectGraphs":true,"m_FxEnabled":true},"in2DMode":false,"pivot":{"x":-0.8924115896224976,"y":2.5401864051818849,"z":10.032868385314942},"rotation":{"x":0.15470929443836213,"y":-0.02815290354192257,"z":0.004408610984683037,"w":0.9875379800796509},"size":10.993616104125977,"orthographic":false}